[
  {
    "name": "theme_info",
    "theme_name": "Section plus",
    "theme_author": "Lucent innovation",
    "theme_version": "2.0.0",
    "theme_documentation_url": "https:\/\/lucentinnovation.com\/",
    "theme_support_url": "https:\/\/lucentinnovation.com\/"
  },
  {
    "name": "Google SEO",
    "settings": [
      {
        "type": "image_picker",
        "id": "sco_logo",
        "label": "Logo"
      },
      {
        "type": "text",
        "id": "sco_number",
        "label": "Contact number",
        "default": "+91 972226157"
      },
      {
        "type": "text",
        "id": "sco_priceRange",
        "label": "Store price range",
        "default": "$100 - $300"
      },
      {
        "type": "text",
        "id": "sco_addressLocality",
        "label": "Address locality",
        "default": "Bristol"
      },
      {
        "type": "text",
        "id": "sco_addressRegion",
        "label": "Address region",
        "default": "Avon"
      },
      {
        "type": "text",
        "id": "sco_streetAddress",
        "label": "Street address",
        "default": "Union Road"
      },
      {
        "type": "text",
        "id": "sco_postalCode",
        "label": "Postal code",
        "default": "bs20lp"
      },
      {
        "type": "text",
        "id": "sco_openingHours",
        "label": "Store Hours",
        "default": "Mo-Fr 09:00-17:00",
        "info": "Do not change format"
      }
    ]
  },
  {
    "name": "General settings",
    "settings": [
      {
        "label": "Normal view site width",
        "type": "number",
        "id": "site_width_normal"
      },
      {
        "label": "Tablet view site width",
        "type": "number",
        "id": "site_width_tablet",
        "info": "Not more than 970"
      },
      {
        "label": "Mobile view site width",
        "type": "number",
        "id": "site_width_mobile",
        "info": "Not more than 750"
      }
    ]
  },
  {
    "name": "Colors",
    "settings": [
      {
        "type": "color",
        "label": "Body background",
        "default": "#fff",
        "id": "body_background_color"
      },
      {
        "type": "color",
        "label": "Accent",
        "default": "#000",
        "id": "accent_color"
      },
      {
        "type": "color",
        "label": "Text",
        "id": "font_color",
        "default": "#000"
      },
      {
        "type": "color",
        "label": "Heading text",
        "default": "#000",
        "id": "heading_font_color"
      },
      {
        "type": "color",
        "id": "anchor_tag_color",
        "label": "Link",
        "default": "#233445"
      },
      {
        "type": "color",
        "id": "anchor_tag_hover_color",
        "label": "Link hover",
        "default": "#f05d7c"
      },
      {
        "type": "header",
        "content": "Top Bar"
      },
      {
        "type": "color",
        "id": "top_bar_background",
        "label": "Topbar background",
        "default": "#4ecdbc"
      },
      {
        "type": "color",
        "id": "top_bar_text",
        "label": "Topbar text",
        "default": "#fff"
      },
      {
        "type": "color",
        "id": "top_bar_link",
        "label": "Topbar link",
        "default": "#e43535"
      },
      {
        "type": "header",
        "content": "Header"
      },
      {
        "type": "color",
        "label": "Header Background color",
        "id": "header_background",
        "default": "#000000"
      },
      {
        "type": "color",
        "label": "Header font color",
        "id": "header_font_color",
        "default": "#fff"
      },
      {
        "type": "header",
        "content": "Main navigation"
      },
      {
        "type": "color",
        "label": "Link color",
        "id": "menu_link_color",
        "default": "#fff"
      },
      {
        "type": "color",
        "label": "Link hover color",
        "id": "menu_link_hover_color",
        "default": "#d575d1"
      },
      {
        "type": "header",
        "content": "Button color"
      },
      {
        "type": "select",
        "id": "btn_style",
        "label": "Choose Button Style",
        "options": [
          {
            "value": "0px",
            "label": "Square"
          },
          {
            "value": "6px",
            "label": "Rounded"
          },
          {
            "value": "100px",
            "label": "Pill Shaped"
          }
        ]
      },
      {
        "type": "color",
        "id": "btn_color",
        "default": "#ffffff",
        "label": "Primary button color"
      },
      {
        "type": "color",
        "id": "btn_hover_color",
        "default": "#ffffff",
        "label": "Primary button hover color"
      },
      {
        "type": "color",
        "id": "btn_font_color",
        "default": "#D575D1",
        "label": "Primary button font color"
      },
      {
        "type": "color",
        "id": "btn_font_hover_color",
        "default": "#ddd",
        "label": "Primary button font hover color"
      },
      {
        "type": "color",
        "id": "btn_color_second",
        "default": "#ffffff",
        "label": "Secondary button color"
      },
      {
        "type": "color",
        "id": "btn_color_border",
        "default": "#d575d1",
        "label": "Secondary button border color"
      },
      {
        "type": "color",
        "id": "btn_color_border_hover",
        "default": "#000000",
        "label": "Secondary button border hover color"
      },
      {
        "type": "color",
        "id": "btn_hover_color_second",
        "default": "#729258",
        "label": "Secondary button hover color"
      },
      {
        "type": "color",
        "id": "btn_font_color_second",
        "default": "#D575D1",
        "label": "Secondary button font color"
      },
      {
        "type": "color",
        "id": "btn_font_hover_color_second",
        "default": "#ddd",
        "label": "Secondary button font hover color"
      },
      {
        "type": "color",
        "id": "btn_disabled_color",
        "default": "#999",
        "label": "Disabled button color"
      },
      {
        "type": "header",
        "content": "Footer"
      },
      {
        "type": "color",
        "id": "footer_background",
        "default": "#fff",
        "label": "Footer background-color"
      },
      {
        "type": "color",
        "id": "footer_header_color",
        "default": "#a8c367",
        "label": "Footer header color"
      },
      {
        "type": "color",
        "id": "footer_text_color",
        "default": "#000",
        "label": "Footer text color"
      },
      {
        "type": "color",
        "id": "footer_delivery_title",
        "default": "#d575d1",
        "label": "Footer delivery title color"
      },
      {
        "type": "color",
        "id": "footer_link_color",
        "default": "#999",
        "label": "Footer link color"
      },
      {
        "type": "color",
        "id": "footer_link_hover_color",
        "default": "#d575d1",
        "label": "Footer link hover color"
      },
      {
        "type": "color",
        "id": "footer_border_color",
        "default": "#eee",
        "label": "Footer text border color"
      },
      {
        "type": "header",
        "content": "Product"
      },
      {
        "type": "color",
        "id": "sale_color",
        "default": "#000",
        "label": "Sale color"
      },
      {
        "type": "color",
        "id": "sold_color",
        "default": "#000",
        "label": "Sold out color"
      }
    ]
  },
  {
    "name": "Typography",
    "settings": [
      {
        "type": "header",
        "content": "Headings"
      },
      {
        "type": "font_picker",
        "label": "Header font",
        "id": "type_header_family",
        "default": "monotype_baskerville_n4"
      },
      {
        "label": "H1 Font size",
        "type": "number",
        "id": "h1_font_size",
        "default": 30
      },
      {
        "type": "select",
        "id": "h1_font_weight",
        "label": "H1 Font weight",
        "options": [
          {
            "value": "normal",
            "label": "Medium"
          },
          {
            "value": "lighter",
            "label": "Light"
          },
          {
            "value": "bold",
            "label": "Bold"
          }
        ]
      },
      {
        "label": "H2 Font size",
        "type": "number",
        "id": "h2_font_size",
        "default": 30
      },
      {
        "type": "select",
        "id": "h2_font_weight",
        "label": "H2 Font weight",
        "options": [
          {
            "value": "normal",
            "label": "Medium"
          },
          {
            "value": "lighter",
            "label": "Light"
          },
          {
            "value": "bold",
            "label": "Bold"
          }
        ]
      },
      {
        "label": "H3 Font size",
        "type": "number",
        "id": "h3_font_size",
        "default": 26
      },
      {
        "type": "select",
        "id": "h3_font_weight",
        "label": "H3 Font weight",
        "options": [
          {
            "value": "normal",
            "label": "Medium"
          },
          {
            "value": "lighter",
            "label": "Light"
          },
          {
            "value": "bold",
            "label": "Bold"
          }
        ]
      },
      {
        "label": "H4 Font size",
        "type": "number",
        "id": "h4_font_size",
        "default": 24
      },
      {
        "type": "select",
        "id": "h4_font_weight",
        "label": "H4 Font weight",
        "options": [
          {
            "value": "normal",
            "label": "Medium"
          },
          {
            "value": "lighter",
            "label": "Light"
          },
          {
            "value": "bold",
            "label": "Bold"
          }
        ]
      },
      {
        "label": "H5 Font size",
        "type": "number",
        "id": "h5_font_size",
        "default": 22
      },
      {
        "type": "select",
        "id": "h5_font_weight",
        "label": "H5 Font weight",
        "options": [
          {
            "value": "normal",
            "label": "Medium"
          },
          {
            "value": "lighter",
            "label": "Light"
          },
          {
            "value": "bold",
            "label": "Bold"
          }
        ]
      },
      {
        "label": "H6 Font size",
        "type": "number",
        "id": "h6_font_size",
        "default": 20
      },
      {
        "type": "select",
        "id": "h6_font_weight",
        "label": "H6 Font weight",
        "options": [
          {
            "value": "normal",
            "label": "Medium"
          },
          {
            "value": "lighter",
            "label": "Light"
          },
          {
            "value": "bold",
            "label": "Bold"
          }
        ]
      },
      {
        "type": "select",
        "id": "type_header_spacing",
        "label": "Letter spacing",
        "options": [
          {
            "value": "0",
            "label": "None"
          },
          {
            "value": "0.05em",
            "label": "Small"
          },
          {
            "value": "0.1em",
            "label": "Medium"
          },
          {
            "value": "0.2em",
            "label": "Wide"
          }
        ]
      },
      {
        "type": "header",
        "content": "Headings mobile"
      },
      {
        "label": "H1 Font size",
        "type": "number",
        "id": "h1_font_size_mob",
        "default": 30
      },
      {
        "type": "select",
        "id": "h1_font_weight_mob",
        "label": "H1 Font weight",
        "options": [
          {
            "value": "normal",
            "label": "Medium"
          },
          {
            "value": "lighter",
            "label": "Light"
          },
          {
            "value": "bold",
            "label": "Bold"
          }
        ]
      },
      {
        "label": "H2 Font size",
        "type": "number",
        "id": "h2_font_size_mob",
        "default": 30
      },
      {
        "type": "select",
        "id": "h2_font_weight_mob",
        "label": "H2 Font weight",
        "options": [
          {
            "value": "normal",
            "label": "Medium"
          },
          {
            "value": "lighter",
            "label": "Light"
          },
          {
            "value": "bold",
            "label": "Bold"
          }
        ]
      },
      {
        "label": "H3 Font size",
        "type": "number",
        "id": "h3_font_size_mob",
        "default": 26
      },
      {
        "type": "select",
        "id": "h3_font_weight_mob",
        "label": "H3 Font weight",
        "options": [
          {
            "value": "normal",
            "label": "Medium"
          },
          {
            "value": "lighter",
            "label": "Light"
          },
          {
            "value": "bold",
            "label": "Bold"
          }
        ]
      },
      {
        "label": "H4 Font size",
        "type": "number",
        "id": "h4_font_size_mob",
        "default": 24
      },
      {
        "type": "select",
        "id": "h4_font_weight_mob",
        "label": "H4 Font weight",
        "options": [
          {
            "value": "normal",
            "label": "Medium"
          },
          {
            "value": "lighter",
            "label": "Light"
          },
          {
            "value": "bold",
            "label": "Bold"
          }
        ]
      },
      {
        "label": "H5 Font size",
        "type": "number",
        "id": "h5_font_size_mob",
        "default": 22
      },
      {
        "type": "select",
        "id": "h5_font_weight_mob",
        "label": "H5 Font weight",
        "options": [
          {
            "value": "normal",
            "label": "Medium"
          },
          {
            "value": "lighter",
            "label": "Light"
          },
          {
            "value": "bold",
            "label": "Bold"
          }
        ]
      },
      {
        "label": "H6 Font size",
        "type": "number",
        "id": "h6_font_size_mob",
        "default": 20
      },
      {
        "type": "select",
        "id": "h6_font_weight_mob",
        "label": "H6 Font weight",
        "options": [
          {
            "value": "normal",
            "label": "Medium"
          },
          {
            "value": "lighter",
            "label": "Light"
          },
          {
            "value": "bold",
            "label": "Bold"
          }
        ]
      },
      {
        "type": "header",
        "content": "Body text"
      },
      {
        "type": "font_picker",
        "id": "type_base_family",
        "label": "Body font",
        "default": "avenir_next_n4"
      },
      {
        "type": "select",
        "id": "type_base_size",
        "label": "Base size",
        "options": [
          {
            "value": "14",
            "label": "14px"
          },
          {
            "value": "15",
            "label": "15px"
          },
          {
            "value": "16",
            "label": "16px"
          },
          {
            "value": "17",
            "label": "17px"
          },
          {
            "value": "18",
            "label": "18px"
          }
        ]
      },
      {
        "type": "select",
        "id": "type_base_size_mob",
        "label": "Base size mobile",
        "options": [
          {
            "value": "14",
            "label": "14px"
          },
          {
            "value": "15",
            "label": "15px"
          },
          {
            "value": "16",
            "label": "16px"
          },
          {
            "value": "17",
            "label": "17px"
          },
          {
            "value": "18",
            "label": "18px"
          }
        ]
      }
    ]
  },
  {
    "name": "Products",
    "settings": [
      {
        "type": "checkbox",
        "label": "On sale banner",
        "id": "on_sale_banner",
        "default": true
      },
      {
        "type": "checkbox",
        "label": "Sold out banner",
        "id": "sold_out_banner",
        "default": true
      },
      {
        "type": "checkbox",
        "label": "Price compare",
        "id": "compare_price",
        "default": true
      },
      {
        "type": "checkbox",
        "label": "Hover image switching",
        "id": "switch_image",
        "default": true
      },
      {
        "type": "checkbox",
        "label": "Product vendor",
        "id": "vendor",
        "default": false
      },
      {
        "type": "checkbox",
        "label": "Show Warrenty",
        "id": "show_warranty",
        "default": false
      },
      {
        "type": "checkbox",
        "label": "Show EMI",
        "id": "show_emi",
        "default": false
      }
    ]
  },
  {
    "name": "Quick view - Settings",
    "settings": [
      {
        "type": "checkbox",
        "label": "Enable",
        "id": "quick_view",
        "default": false
      }
    ]
  },
  {
    "name": "Cart - Settings",
    "settings": [
      {
        "type": "checkbox",
        "label": "Quick add to cart(Ajax cart)",
        "id": "ajax_cart",
        "default": true
      },
      {
        "type": "checkbox",
        "label": "Side cart",
        "id": "side_cart",
        "default": true
      },
      {
        "type": "checkbox",
        "label": "Cart note",
        "id": "cart_notes_enable"
      }
    ]
  },
  {
    "name": "Social media",
    "settings": [
      {
        "type": "header",
        "content": "Social accounts"
      },
      {
        "type": "text",
        "id": "twitter_link",
        "label": "Twitter Link",
        "info": "https:\/\/twitter.com\/shopify"
      },
      {
        "type": "text",
        "id": "facebook_link",
        "label": "Facebook Link"
      },
      {
        "type": "text",
        "id": "instagram_link",
        "label": "Instagram Link"
      },
      {
        "type": "text",
        "id": "youtube_link",
        "label": "Youtube Link"
      },
      {
        "type": "text",
        "id": "pinterest_link",
        "label": "Pinterest Link"
      },
      {
        "type": "text",
        "id": "googleplus_link",
        "label": "Google Plus Link"
      }
    ]
  },
  {
    "name": "Newsletter",
    "settings": [
      {
        "type": "text",
        "label": "Newsletter mailchimp URL",
        "id": "newsletter_form_action"
      },
      {
        "type": "checkbox",
        "label": "Enable - Welcome popup",
        "id": "welcome_popup"
      },
      {
        "type": "checkbox",
        "id": "welcome_popup_img",
        "label": "Use image"
      },
      {
        "type": "image_picker",
        "id": "welcome_popup_image",
        "label": "Image"
      },
      {
        "type": "number",
        "id": "welcome_popup_expire",
        "label": "Days interval",
        "default": 10
      },
      {
        "type": "text",
        "label": "Popup Header",
        "id": "welcome_popup_header"
      },
      {
        "type": "textarea",
        "label": "Popup text",
        "id": "welcome_popup_text"
      }
    ]
  },
  {
    "name": "Password - Page",
    "settings": [
      {
        "type": "image_picker",
        "label": "Logo image",
        "id": "password_logo"
      },
      {
        "type": "image_picker",
        "label": "Background image",
        "id": "password_bg_image"
      },
      {
        "type": "color",
        "label": "Font color",
        "id": "password_page_color",
        "default": "#000"
      },
      {
        "type": "color",
        "label": "Link color",
        "id": "password_page_link",
        "default": "#000"
      },
      {
        "type": "color",
        "label": "Link hover color",
        "id": "password_page_link_hover",
        "default": "#000"
      },
      {
        "type": "text",
        "id": "password_header",
        "label": "Heading",
        "default": "Coming Soon"
      },
      {
        "type": "checkbox",
        "id": "password_newsletter_enable",
        "label": "Show newsletter signup",
        "default": true
      },
      {
        "type": "text",
        "id": "password_newsletter_heading",
        "label": "Newsletter form heading",
        "default": "Find out when we open",
        "info": "[Tell your visitors about a launch day discount](https:\/\/www.shopify.ca\/blog\/15514000-14-ways-to-use-offers-coupons-discounts-and-deals-to-drive-revenue-and-customer-loyalty)."
      },
      {
        "type": "text",
        "id": "password_newsletter_placeholder",
        "label": "Newsletter placeholder text",
        "default": "Your email"
      },
      {
        "type": "text",
        "id": "password_newsletter_button_text",
        "label": "Newsletter button text",
        "default": "Submit"
      },
      {
        "type": "checkbox",
        "id": "password_social_share",
        "label": "Show social sharing buttons",
        "default": true
      },
      {
        "type": "text",
        "id": "password_social_message",
        "label": "Social sharing buttons heading",
        "default": "Spread the word"
      }
    ]
  },
  {
    "name": "Favicon",
    "settings": [
      {
        "type": "image_picker",
        "id": "favicon",
        "label": "Favicon image",
        "info": "Will be scaled down to 32 x 32px"
      }
    ]
  },
  {
    "name": "Multi currency",
    "settings": [
      {
        "type": "checkbox",
        "id": "show_multiple_currencies",
        "label": "Enable multi currency",
        "default": false,
        "info": "Please enable multicurrency using this [URL](https:\/\/help.shopify.com\/en\/manual\/payments\/shopify-payments\/multi-currency\/setup)"
      }
    ]
  },
  {
    "name": "Home page script",
    "settings": [
      {
        "type": "textarea",
        "id": "homepage_script",
        "label": "Homepage script"
      }
    ]
  },
  {
    "name": "Contact details",
    "settings": [
      {
        "type": "text",
        "label": "Help title",
        "id": "contact_help_title",
        "default": "Need Help ?"
      },
      {
        "type": "textarea",
        "label": "Help text",
        "id": "contact_help_text",
        "default": "Lorem ipsum dolor sit amet, consectetur adipiscing elit. Integer mattis condimentum porta. Mauris at ante massa. Ut enim metus, luctus eget luctus non, mattis a tellus. Nam eget sem lectus. Nam vitae feugiat diam, ut maximus nibh."
      },
      {
        "type": "text",
        "label": "Call title",
        "id": "contact_call_title",
        "default": "Call Us:"
      },
      {
        "type": "text",
        "label": "Call number text",
        "id": "contact_call_number_text",
        "default": "+91-8882132132"
      },
      {
        "type": "text",
        "label": "Call number",
        "id": "contact_call_number",
        "default": "8882132132"
      },
      {
        "type": "text",
        "label": "24 hours text",
        "id": "contact_get_back_to_you_text",
        "default": "We’ll get back to you within 24 hours*"
      },
      {
        "type": "text",
        "label": "Time title",
        "id": "contact_time_title",
        "default": "MON-SAT:"
      },
      {
        "type": "text",
        "label": "Call number text",
        "id": "contact_time_text",
        "default": "9:30AM – 6:00 PM"
      },
      {
        "type": "text",
        "label": "Support btn text",
        "id": "contact_support_btn_text",
        "default": "Visit Support"
      },
      {
        "type": "url",
        "label": "Support link",
        "id": "contact_support_btn_link"
      }
    ]
  },
  {
    "name": "Custom checkout",
    "settings": [
      {
        "type": "image_picker",
        "id": "checkout_header_logo",
        "label": "Logo"
      },
      {
        "type": "header",
        "content": "Discount code text"
      },
      {
        "type": "text",
        "id": "discount_code",
        "label": "Discount Code"
      },
      {
        "type": "text",
        "id": "discount_code_text",
        "label": "Discount code text"
      },
      {
        "type": "header",
        "content": "Payment section"
      },
      {
        "type": "text",
        "id": "cc_card_name",
        "label": "Card field text",
        "default": "Credit Card"
      },
      {
        "type": "image_picker",
        "id": "cc_card_image",
        "label": "Card field image"
      },
      {
        "type": "text",
        "id": "cc_overcounter_name",
        "label": "Second payment field text",
        "default": "Over-the-Counter"
      },
      {
        "type": "image_picker",
        "id": "cc_overcounter_image",
        "label": "Second payment field image"
      },
      {
        "type": "image_picker",
        "id": "cc_paypal_image",
        "label": "Paypal image"
      },
      {
        "type": "paragraph",
        "content": "Checkout JSON file."
      },
      {
        "type": "text",
        "id": "service_zip_json_file",
        "label": "service_zip_json_file",
        "info": "Please upload JSON file, convert CSV to JSON using https:\/\/www.csvjson.com\/csv2json"
      },
      {
        "type": "header",
        "content": "Checkout Announcement bar"
      },
      {
        "type": "textarea",
        "id": "header_text_checkout",
        "label": "Header text in checkout",
        "default": "As per the latest lockdown restrictions, order delivery timeline will get affected.<br class='dw-desktop'\/> COD is currently disabled."
      },
      {
        "type": "checkbox",
        "id": "show_announcement",
        "label": "Show Announcement Bar or not",
        "default": true
      },
      {
        "type": "color",
        "id": "text_color_ancbar",
        "label": "Announcement Bar text color",
        "default": "#000"
      },
      {
        "type": "color",
        "id": "background_color_ancbar",
        "label": "Announcement bar background color",
        "default": "#f4f4f4"
      },
      {
        "type": "header",
        "content": "Checkout OTP"
      },
      {
        "type": "checkbox",
        "id": "checkout_otp_enable",
        "label": "Checkout OTP enable?"
      }
    ]
  },{
    "name":"Frequently bought general",
    "settings":[
      {
        "type": "checkbox",
        "label": "Frequently enable",
        "id": "frequently_enable",
        "default": true
      },
      {
        "type":"textarea",
        "id":"frequently_bought_general",
        "label":"Enter product handel"
      },
      {
        "type":"text",
        "id":"frequently_text",
        "label":"Enter text"
      },
      {
        "type":"text",
        "id":"frequently_coupon_text",
        "label":"Enter coupon text"
      }, 
      {
        "type":"text",
        "id":"frequently_coupon_code",
        "label":"Enter coupon code"
      }
 
    ]
  }
]