{
  "current": {
    "sco_logo": "",
    "sco_number": "+91 8882132132",
    "sco_priceRange": "₹1000 - ₹6000",
    "sco_addressLocality": "Unit # 30-31A , Spaze IT Park, Sohna Road",
    "sco_addressRegion": "Haryana",
    "sco_streetAddress": "Sohna Road",
    "sco_postalCode": "122018",
    "sco_openingHours": "Mon-Fri 09:00-17:00",
    "site_width_normal": 0,
    "site_width_tablet": 0,
    "site_width_mobile": 0,
    "body_background_color": "#fff",
    "accent_color": "#2e4a86",
    "font_color": "#666",
    "heading_font_color": "#666",
    "anchor_tag_color": "#233445",
    "anchor_tag_hover_color": "#2e4676",
    "top_bar_background": "#2e4676",
    "top_bar_text": "#fff",
    "top_bar_link": "#8ca6f1",
    "header_background": "#fff",
    "menu_link_color": "#000000",
    "menu_link_hover_color": "#2e4676",
    "btn_style": "0px",
    "btn_color": "#ffffff",
    "btn_hover_color": "#000000",
    "btn_font_color": "#f3f3f3",
    "btn_font_hover_color": "#ffffff",
    "btn_color_second": "#000000",
    "btn_hover_color_second": "#000000",
    "btn_font_color_second": "#ffffff",
    "btn_font_hover_color_second": "#ffffff",
    "btn_disabled_color": "#999",
    "footer_background": "#000000",
    "footer_header_color": "#ffffff",
    "footer_text_color": "#ffffff",
    "footer_link_color": "#999",
    "footer_link_hover_color": "#000",
    "footer_border_color": "#eee",
    "sale_color": "#000",
    "sold_color": "#000",
    "type_header_family": "montserrat_n4",
    "h1_font_size": 30,
    "h1_font_weight": "normal",
    "h2_font_size": 30,
    "h2_font_weight": "normal",
    "h3_font_size": 26,
    "h3_font_weight": "normal",
    "h4_font_size": 24,
    "h4_font_weight": "normal",
    "h5_font_size": 22,
    "h5_font_weight": "normal",
    "h6_font_size": 20,
    "h6_font_weight": "normal",
    "type_header_spacing": "0",
    "type_base_family": "basic_commercial_n4",
    "type_base_size": "14",
    "on_sale_banner": true,
    "sold_out_banner": true,
    "compare_price": true,
    "switch_image": true,
    "vendor": false,
    "quick_view": true,
    "ajax_cart": true,
    "side_cart": true,
    "cart_notes_enable": false,
    "twitter_link": "https://twitter.com/gonoise",
    "facebook_link": "https://www.facebook.com/gonoise",
    "instagram_link": "https://www.instagram.com/go_noise/",
    "youtube_link": "https://www.youtube.com/channel/UCF9puX2jalk1fh14ns_npMw",
    "pinterest_link": "https://in.pinterest.com/gonoise/",
    "googleplus_link": "https://plus.google.com/+Gonoise",
    "newsletter_form_action": "",
    "welcome_popup": false,
    "welcome_popup_img": false,
    "welcome_popup_image": "",
    "welcome_popup_expire": 10,
    "welcome_popup_header": "",
    "welcome_popup_text": "",
    "password_logo": "",
    "password_bg_image": "",
    "password_page_color": "#000",
    "password_page_link": "#000",
    "password_page_link_hover": "#000",
    "password_header": "Coming Soon",
    "password_newsletter_enable": true,
    "password_newsletter_heading": "Find out when we open",
    "password_newsletter_placeholder": "Your email",
    "password_newsletter_button_text": "Submit",
    "password_social_share": true,
    "password_social_message": "Spread the word",
    "favicon": "",
    "show_multiple_currencies": true,
    "checkout_header_logo": "",
    "cc_card_name": "Credit Card",
    "cc_card_image": "",
    "cc_overcounter_name": "Over-the-Counter",
    "cc_overcounter_image": "",
    "cc_paypal_image": "",
    "checkout_header_image": "",
    "checkout_logo_image": "",
    "checkout_logo_position": "left",
    "checkout_logo_size": "medium",
    "checkout_body_background_image": "",
    "checkout_body_background_color": "#fff",
    "checkout_input_background_color_mode": "white",
    "checkout_sidebar_background_image": "",
    "checkout_sidebar_background_color": "#fafafa",
    "checkout_heading_font": "-apple-system, BlinkMacSystemFont, 'Segoe UI', Roboto, Helvetica, Arial, sans-serif, 'Apple Color Emoji', 'Segoe UI Emoji', 'Segoe UI Symbol'",
    "checkout_body_font": "-apple-system, BlinkMacSystemFont, 'Segoe UI', Roboto, Helvetica, Arial, sans-serif, 'Apple Color Emoji', 'Segoe UI Emoji', 'Segoe UI Symbol'",
    "checkout_accent_color": "#197bbd",
    "checkout_button_color": "#197bbd",
    "checkout_error_color": "#e32c2b",
    "shipping_calculator": "Enabled",
    "shipping_calculator_heading": "Get shipping estimates",
    "shipping_calculator_default_country": "United States",
    "shipping_calculator_submit_button_label": "Calculate shipping",
    "shipping_calculator_submit_button_label_disabled": "Calculating...",
    "card_color": "#fff",
    "slider_primary_color": "#7b9f5d",
    "currency_format": "money_with_currency_format",
    "supported_currencies": "INR GBP CAD USD AUD EUR JPY",
    "default_currency": "USD",
    "section_space": 25,
    "image_blur": false,
    "top_bar_text_hover": "#000",
    "header_transparency": true,
    "menu_background": "#000",
    "menu_background_hover": "#3eb366",
    "nav_style": "buttons",
    "footer_transparency": true,
    "quick_view_desc": false,
    "password_logo_check": false,
    "password_bg_image_check": false,
    "sections": {
      "header": {
        "type": "header",
        "blocks": {
          "1586630793472": {
            "type": "menu",
            "settings": {
              "mega_full": true,
              "mega": "ss16",
              "mega_image": "shopify:\/\/shop_images\/download.jpg",
              "x_pos": 50,
              "y_pos": 50,
              "mega_image_url": "shopify:\/\/collections\/jackets"
            }
          },
          "1587215249797": {
            "type": "menu",
            "settings": {
              "mega_full": true,
              "mega": "shop",
              "mega_image": "shopify:\/\/shop_images\/person-sits-cross-legged-in-summer-fashion.jpg",
              "x_pos": 10,
              "y_pos": 50,
              "mega_image_url": ""
            }
          }
        },
        "block_order": [
          "1586630793472",
          "1587215249797"
        ],
        "settings": {
          "full": true,
          "fix": true,
          "site_logo": "shopify:\/\/shop_images\/splus_transparent.png",
          "logo_size": 50,
          "logo_size_xs": 35,
          "main_menu": "main-menu",
          "submenu_type": "click"
        }
      },
      "home-fix-banners-xs": {
        "type": "home-fix-banners-xs",
        "settings": {
          "enable": false
        }
      },
      "footer": {
        "type": "footer",
        "settings": {
          "nav_1": "backpacks",
          "nav_2": "backpacks",
          "nav_3": "brand",
          "credit": true
        }
      },
      "footer-script": {
        "type": "footer-script",
        "settings": {
        }
      },
      "1584184489053": {
        "type": "home-grid-banners",
        "blocks": {
          "1584184498297": {
            "type": "image",
            "settings": {
              "image": "shopify:\/\/shop_images\/hearstHighRes025.jpg",
              "link": ""
            }
          },
          "1584184574444": {
            "type": "image",
            "settings": {
              "image": "shopify:\/\/shop_images\/hearstHighRes042.jpg",
              "link": ""
            }
          }
        },
        "block_order": [
          "1584184498297",
          "1584184574444"
        ],
        "settings": {
          "full": false,
          "title": "Our new collections",
          "gutter": false,
          "width": "col-sm-6"
        }
      },
      "1584184627962": {
        "type": "home-banner-with-text",
        "blocks": {
          "1584184657307": {
            "type": "Image",
            "settings": {
              "style": "left-image",
              "image": "shopify:\/\/shop_images\/hearstHighRes003_crop.jpg",
              "header": "THE SCIENCE OF COMFORT",
              "text": "<p>Celebrate a brand new year in styles that are bright, elegant and modern.<\/p>",
              "btn": "Shop now",
              "btn_url": "shopify:\/\/products\/eco-heather-henley-disc"
            }
          }
        },
        "block_order": [
          "1584184657307"
        ],
        "settings": {
          "full": false,
          "upper_gutter": false,
          "lower_gutter": false
        }
      },
      "collection-banner": {
        "type": "collection-banner",
        "settings": {
          "full": true,
          "image": ""
        }
      },
      "collection-template": {
        "type": "collection-template",
        "blocks": {
          "1584186485681": {
            "type": "varaint",
            "settings": {
              "variant": "Color"
            }
          }
        },
        "block_order": [
          "1584186485681"
        ],
        "settings": {
          "breadcrumbs": true,
          "header": true,
          "description": true,
          "sort": true,
          "filter": true,
          "filter_menu": "filter",
          "side_filter": "true",
          "swatch": true,
          "sl_hide": true,
          "image_per_page": 12,
          "product_row": "col-md-3"
        }
      },
      "topbar": {
        "type": "topbar",
        "blocks": {
          "1586014743575": {
            "type": "content",
            "settings": {
              "text": "<p>New Arrivals <a href=\"\/collections\/all\" title=\"All Products\">Shop Now<\/a><\/p>",
              "text_xs": "<p>Mens Shirts <a href=\"\/collections\/men-hoodies\" title=\"Men Hoodies\">Shop Now<\/a><\/p>"
            }
          },
          "1586011054761": {
            "type": "content",
            "settings": {
              "text": "<p>Free shipping in <strong>India<\/strong><\/p>",
              "text_xs": ""
            }
          },
          "1586011075407": {
            "type": "content",
            "settings": {
              "text": "<p>Signup and get <strong>10% off<\/strong><\/p>",
              "text_xs": ""
            }
          }
        },
        "block_order": [
          "1586014743575",
          "1586011054761",
          "1586011075407"
        ],
        "settings": {
          "enable": true,
          "speed": 5
        }
      },
      "1594218799075": {
        "type": "full-banner",
        "settings": {
          "full": true,
          "image": "shopify:\/\/shop_images\/yoga-crescent-lunge.jpg",
          "image_xs": "shopify:\/\/shop_images\/model-laughs-barefoot.jpg",
          "img_link": "shopify:\/\/products\/eco-heather-henley-disc",
          "slider_alignment": "text-left",
          "header": "hrssgh",
          "text": "<p>shsrhr<\/p>",
          "header_color": "#f34848",
          "text_color": "#d40e0e",
          "header_size": "44",
          "text_size": "28",
          "text_shadow": true,
          "btn_text": "Buy now",
          "btn_link": "shopify:\/\/products\/3-4-baseball-tee",
          "btn_text_two": "Shop Now",
          "btn_link_two": "shopify:\/\/pages\/disclaimer"
        }
      },
      "1594220061033": {
        "type": "slideshow",
        "blocks": {
          "1594220074315": {
            "type": "slide",
            "settings": {
              "image": "shopify:\/\/shop_images\/confident-young-woman.jpg",
              "image_xs": "shopify:\/\/shop_images\/woman-wearing-blue-denim-jacket-1038343.jpg",
              "img_link": "",
              "overlay": true,
              "overlay_color": "#000000",
              "text_alignment": "text-left",
              "slider_header": "Feel Good Fashion",
              "slider_text": "Our long-awaited bestseller is finally back in stock.",
              "slider_header_color": "#ffffff",
              "slider_text_color": "#ffffff",
              "slider_header_size": "42",
              "slider_text_size": "28",
              "slider_btn": "Shop Now",
              "slider_link": "",
              "slider_btn2": "",
              "slider_link2": ""
            }
          },
          "1594220157550": {
            "type": "slide",
            "settings": {
              "image": "shopify:\/\/shop_images\/woman-with-blue-wall-adjusts-glasses.jpg",
              "image_xs": "shopify:\/\/shop_images\/woman-in-grey-sleeveless-top-leaning-on-wall-1375849.jpg",
              "img_link": "",
              "overlay": true,
              "overlay_color": "#000000",
              "text_alignment": "text-left",
              "slider_header": "Meet your new best friend",
              "slider_text": "This classic duffel is the only bag you will ever need for your daily use.",
              "slider_header_color": "#ffffff",
              "slider_text_color": "#ffffff",
              "slider_header_size": "42",
              "slider_text_size": "28",
              "slider_btn": "Buy Now",
              "slider_link": "shopify:\/\/products\/3-4-baseball-tee",
              "slider_btn2": "",
              "slider_link2": ""
            }
          }
        },
        "block_order": [
          "1594220074315",
          "1594220157550"
        ],
        "settings": {
          "full": true,
          "adaptiveheight": false,
          "animation": true,
          "speed": 5,
          "type": "responsive",
          "mode": "slide"
        }
      },
      "1594220507427": {
        "type": "featured-collections",
        "blocks": {
          "1594220512935": {
            "type": "collection",
            "settings": {
              "collection": "wordcharms",
              "image": ""
            }
          },
          "1594220529950": {
            "type": "collection",
            "settings": {
              "collection": "new-offers",
              "image": ""
            }
          }
        },
        "block_order": [
          "1594220512935",
          "1594220529950"
        ],
        "settings": {
          "full": false,
          "title": "Featured collection",
          "product_row": "6"
        }
      },
      "1594220846761": {
        "type": "parallax-banner",
        "settings": {
          "full": true,
          "image": "shopify:\/\/shop_images\/woman-against-black-brick-wall.jpg",
          "image_xs": "shopify:\/\/shop_images\/yoga-crescent-lunge.jpg",
          "slider_alignment": "text-left",
          "header": "Fashion",
          "text": "<p>You will love it.<\/p>",
          "header_color": "#ffffff",
          "text_color": "#ffffff",
          "header_size": "36",
          "text_size": "24",
          "text_shadow": true,
          "btn_text": "Sale",
          "btn_link": "shopify:\/\/collections\/best-sellers",
          "btn_text_two": "",
          "btn_link_two": ""
        }
      },
      "1594222223757": {
        "type": "featured-products",
        "settings": {
          "full": true,
          "title": "Our products",
          "limit": 4,
          "collection": "tank-tops",
          "width": "col-sm-3"
        }
      }
    },
    "content_for_index": [
      "1594220061033",
      "1584184489053",
      "1584184627962",
      "1594218799075",
      "1594220507427",
      "1594222223757",
      "1594220846761"
    ]
  }
}